Location,Region,Google_Rating_Range,Primary_Complaints
Aberdeen,Scotland,4.0 - 4.2,Suburban isolation without car; Peak transit noise; Parking fee confusion
Edinburgh,Scotland,4.1 - 4.3,Leisure facility overcrowding with local members; Parking charges; Understaffed bar
Glasgow,Scotland,3.9 - 4.1,Event noise (Hydro events/functions); Stuffy rooms; Dark room decor; Parking fees
Cardiff,Wales,3.8 - 4.1,Parking charge notices (ANPR fines); Function room bass noise; Tired decor in older wings
Swansea,Wales,3.9 - 4.2,Parking validation errors; Gym crowd during peak hours; Room climate control
Chester St. David's (Ewloe),Wales,3.8 - 4.0,ANPR parking fines; Outdated room fixtures; Event noise on weekends
Blackpool,North West,3.8 - 4.0,Weekend function/wedding noise; Leisure access package confusion; Worn carpets
Liverpool (Whiston),North West,3.8 - 4.0,Distance from Liverpool city center; Dated bathrooms; Breakfast queues
Manchester Ashton-under-Lyne,North West,3.8 - 4.1,Kiosk check-in glitches; Parking charges; Ambient road noise
Manchester Bury,North West,3.8 - 4.1,Housekeeping missed refreshes; Overcrowded pool lanes; Front desk queues
Manchester Cheadle,North West,3.9 - 4.2,High local gym traffic; Parking bay shortages; High food/drink pricing
Manchester Hyde,North West,3.8 - 4.0,Lack of air conditioning in hot weather; Room wear and tear; Parking fees
Warrington,North West,3.8 - 4.1,Cleanliness blips; Parking charges; Function noise
Wirral,North West,3.7 - 4.0,Noise from gym studios beneath rooms; Small room sizes; Breakfast food temperature
Hull,North East & Yorkshire,3.8 - 4.1,Parking charges; Missing daily room cleans (orange hanger confusion); Aging TVs
Leeds North (Headingley),North East & Yorkshire,3.9 - 4.2,Parking validation; Busy gym hours; Bar queue delays
Leeds South (Tingley),North East & Yorkshire,3.8 - 4.0,Motorway noise; Gym equipment hogging; Extra charges for pool access
Newcastle (Cobalt),North East & Yorkshire,3.9 - 4.1,Isolated business park setting; Kiosk key encoding glitches; Room stuffiness
Birmingham Dudley,Midlands,3.7 - 4.0,Parking charge notices; Gym fee exclusions for standard rooms; Warm rooms
Birmingham Walsall,Midlands,3.7 - 4.0,Housekeeping oversights; Lobby congestion; Corridor noise
Coventry,Midlands,3.8 - 4.0,Automated check-in errors; Parking fines; Room wear and tear
Nottingham,Midlands,3.8 - 4.0,Daily parking fee (£7.50); Wi-Fi drops; Missing room amenities (no phone/fridge)
Solihull,Midlands,3.9 - 4.1,Front desk bottlenecks; Slow service in Pub & Grill; Overcrowded pool slots
Basingstoke,South & South East,3.8 - 4.0,Basic room feel vs high room rate; Uphill walk from station; Kiosk failures
Bournemouth,South & South East,3.9 - 4.2,Child swim time curfews; Function/wedding noise; Parking charges
Bracknell,South & South East,3.8 - 4.1,Pre-authorisation card holds; Leisure slot restrictions; Check-in queues
Bristol (Filton),South & South East,3.8 - 4.1,Gym studio bass noise into rooms; Unresponsive phone support; Parking fees
Farnborough,South & South East,3.9 - 4.1,Pub noise & generator hum; Dark/gloomy room aesthetic; Slow maintenance
London Watford,South & South East,3.9 - 4.2,Self-check-in kiosk confusion; Leisure club overcrowding; Car park noise
Maidstone,South & South East,3.8 - 4.1,Weekday parking fees; M20 motorway noise; Pool overcrowding
Portsmouth,South & South East,3.8 - 4.1,Early morning gym bass noise; Starbucks/pub pricing; Strict check-in times
Reading,South & South East,3.9 - 4.2,High weekend room rates; Rigid booking policies; Car park validation
Southampton Eastleigh,South & South East,3.8 - 4.1,Bar & grill service delays; Dark decor; Daily parking fees
Swindon,South & South East,3.7 - 4.0,Room wear and tear; Outdated climate control; Parking charge notices
